Hour,Minute,Second,HeartRate,SpO2,Label
14,59,14,73,97,Relax
14,59,15,73,97,Relax
14,59,16,73,97,Relax
14,59,17,73,97,Relax
14,59,18,73,97,Relax
14,59,19,74,97,Relax
14,59,20,74,97,Relax
14,59,21,74,97,Relax
14,59,22,74,97,Relax
14,59,23,74,97,Relax
14,59,24,74,97,Relax
14,59,25,74,97,Relax
14,59,26,74,97,Relax
14,59,27,74,97,Relax
14,59,28,74,97,Relax
14,59,29,74,97,Relax
14,59,30,74,97,Relax
14,59,31,74,97,Relax
14,59,32,74,97,Relax
14,59,33,74,93,Relax
14,59,34,74,93,Relax
14,59,35,74,93,Relax
14,59,36,74,93,Relax
14,59,37,74,93,Relax
14,59,38,74,93,Relax
14,59,39,74,93,Relax
14,59,40,74,93,Relax
14,59,41,74,93,Relax
14,59,42,74,91,Relax
14,59,43,74,91,Relax
14,59,44,74,91,Relax
14,59,45,74,91,Relax
14,59,46,74,91,Relax
14,59,47,74,91,Relax
14,59,48,74,91,Relax
14,59,49,74,91,Relax
14,59,50,74,91,Relax
14,59,51,74,91,Relax
14,59,52,74,91,Relax
14,59,53,75,90,Relax
14,59,54,75,91,Relax
14,59,55,77,93,Relax
14,59,56,77,93,Relax
14,59,57,78,95,Relax
14,59,58,78,95,Relax
14,59,59,79,95,Relax
15,0,0,79,96,Relax
15,0,1,79,96,Relax
15,0,2,79,96,Relax
15,0,3,80,97,Relax
15,0,4,80,97,Relax
15,0,5,80,97,Relax
15,0,6,80,97,Relax
15,0,7,80,97,Relax
15,0,8,80,97,Relax
15,0,9,80,97,Relax
15,0,10,80,97,Relax
15,0,11,79,97,Relax
15,0,12,79,97,Relax
15,0,13,79,97,Relax
15,0,14,79,97,Relax
15,0,15,78,97,Relax
15,0,16,77,96,Relax
15,0,17,77,96,Relax
15,0,18,77,96,Relax
15,0,19,77,96,Relax
15,0,20,76,96,Relax
15,0,21,76,96,Relax
15,0,22,74,95,Relax
15,0,23,74,95,Relax
15,0,24,74,95,Relax
15,0,25,75,95,Relax
15,0,26,74,95,Relax
15,0,27,75,95,Relax
15,0,28,73,95,Relax
15,0,29,73,95,Relax
15,0,30,72,95,Relax
15,0,31,70,95,Relax
15,0,32,68,96,Relax
15,0,33,68,96,Relax
15,0,34,67,96,Relax
15,0,35,65,96,Relax
15,0,36,65,96,Relax
15,0,37,65,96,Relax
15,0,38,65,96,Relax
15,0,39,64,96,Relax
15,0,40,64,96,Relax
15,0,41,64,96,Relax
15,0,42,63,96,Relax
15,0,43,63,96,Relax
15,0,44,63,96,Relax
15,0,45,63,96,Relax
15,0,46,63,96,Relax
15,0,47,63,96,Relax
15,0,48,62,96,Relax
15,0,49,62,96,Relax
15,0,50,62,96,Relax
15,0,51,62,96,Relax
15,0,52,62,96,Relax
15,0,53,62,96,Relax
15,0,54,62,96,Relax
15,0,55,62,96,Relax
15,0,56,63,96,Relax
15,0,57,63,96,Relax
15,0,58,62,97,Relax
15,0,59,62,97,Relax
15,1,0,63,96,Relax
15,1,1,63,96,Relax
15,1,2,62,96,Relax
15,1,3,62,96,Relax
15,1,4,63,96,Relax
15,1,5,63,96,Relax
15,1,6,63,96,Relax
15,1,7,63,96,Relax
15,1,8,64,96,Relax
15,1,9,65,96,Relax
15,1,10,66,96,Relax
15,1,11,66,96,Relax
15,1,12,66,96,Relax
15,1,13,67,96,Relax
15,1,14,65,96,Relax
15,1,15,65,96,Relax
15,1,16,65,96,Relax
15,1,17,65,96,Relax
15,1,18,65,96,Relax
15,1,19,65,96,Relax
15,1,20,65,96,Relax
15,1,21,65,96,Relax
15,1,22,65,96,Relax
15,1,23,65,96,Relax
15,1,24,65,96,Relax
15,1,25,65,95,Relax
15,1,26,66,95,Relax
15,1,27,66,95,Relax
15,1,28,66,96,Relax
15,1,29,66,96,Relax
15,1,30,65,96,Relax
15,1,31,65,96,Relax
15,1,32,66,96,Relax
15,1,33,65,96,Relax
15,1,34,65,96,Relax
15,1,35,64,96,Relax
15,1,36,64,96,Relax
15,1,37,65,96,Relax
15,1,38,64,96,Relax
15,1,39,64,96,Relax
15,1,40,65,96,Relax
15,1,41,65,96,Relax
15,1,42,65,96,Relax
15,1,43,66,96,Relax
15,1,44,66,96,Relax
15,1,45,67,96,Relax
15,1,46,67,96,Relax
15,1,47,68,96,Relax
15,1,48,68,96,Relax
15,1,49,68,96,Relax
15,1,50,68,96,Relax
15,1,51,68,96,Relax
15,1,52,67,96,Relax
15,1,53,67,96,Relax
15,1,54,66,96,Relax
15,1,55,66,96,Relax
15,1,56,66,96,Relax
15,1,57,66,96,Relax
15,1,58,65,96,Relax
15,1,59,66,96,Relax
15,2,0,66,96,Relax
15,2,1,66,96,Relax
15,2,2,67,96,Relax
15,2,3,67,96,Relax
15,2,4,67,96,Relax
15,2,5,67,96,Relax
15,2,6,67,96,Relax
15,2,7,67,96,Relax
15,2,8,67,96,Relax
15,2,9,67,96,Relax
15,2,10,66,96,Relax
15,2,11,66,96,Relax
15,2,12,66,96,Relax
15,2,13,67,96,Relax
15,2,14,67,96,Relax
15,2,15,67,96,Relax
15,2,16,67,96,Relax
15,2,17,66,96,Relax
15,2,18,66,96,Relax
15,2,19,65,96,Relax
15,2,20,65,97,Relax
15,2,21,67,97,Relax
15,2,22,67,97,Relax
15,2,23,67,97,Relax
15,2,24,68,97,Relax
15,2,25,69,97,Relax
15,2,26,69,97,Relax
15,2,27,68,96,Relax
15,2,28,68,96,Relax
15,2,29,67,96,Relax
15,2,30,67,96,Relax
15,2,31,67,96,Relax
15,2,32,67,96,Relax
15,2,33,67,96,Relax
15,2,34,67,96,Relax
15,2,35,67,96,Relax
15,2,36,67,96,Relax
15,2,37,67,96,Relax
15,2,38,66,96,Relax
15,2,39,65,96,Relax
15,2,40,64,96,Relax
15,2,41,63,96,Relax
15,2,42,63,96,Relax
15,2,43,63,96,Relax
15,2,44,63,96,Relax
15,2,45,63,96,Relax
15,2,46,63,96,Relax
15,2,47,63,96,Relax
15,2,48,63,96,Relax
15,2,49,63,96,Relax
15,2,50,63,96,Relax
15,2,51,63,96,Relax
15,2,52,63,96,Relax
15,2,53,63,96,Relax
15,2,54,62,96,Relax
15,2,55,63,96,Relax
15,2,56,63,96,Relax
15,2,57,63,96,Relax
15,2,58,63,96,Relax
15,2,59,63,96,Relax
15,3,0,63,96,Relax
15,3,1,63,96,Relax
15,3,2,63,96,Relax
15,3,3,62,96,Relax
15,3,4,61,96,Relax
15,3,5,61,96,Relax
15,3,6,60,96,Relax
15,3,7,60,95,Relax
15,3,8,61,95,Relax
15,3,9,61,95,Relax
15,3,10,61,95,Relax
15,3,11,61,95,Relax
15,3,12,62,95,Relax
15,3,13,62,95,Relax
15,3,14,63,95,Relax
15,3,15,63,95,Relax
15,3,16,63,95,Relax
15,3,17,64,95,Relax
15,3,18,64,95,Relax
15,3,19,64,95,Relax
15,3,20,65,96,Relax
15,3,21,65,96,Relax
15,3,22,65,96,Relax
15,3,23,66,96,Relax
15,3,24,66,96,Relax
15,3,25,67,96,Relax
15,3,26,68,96,Relax
15,3,27,68,96,Relax
15,3,28,68,96,Relax
15,3,29,69,96,Relax
15,3,30,69,96,Relax
15,3,31,69,96,Relax
15,3,32,69,96,Relax
15,3,33,69,96,Relax
15,3,34,69,96,Relax
15,3,35,69,96,Relax
15,3,36,69,96,Relax
15,3,37,70,96,Relax
15,3,38,70,96,Relax
15,3,39,70,96,Relax
15,3,40,71,96,Relax
15,3,41,72,96,Relax
15,3,42,72,96,Relax
15,3,43,72,96,Relax
15,3,44,73,96,Relax
15,3,45,73,96,Relax
15,3,46,72,96,Relax
15,3,47,71,96,Relax
15,3,48,71,96,Relax
15,3,49,70,96,Relax
15,3,50,69,96,Relax
15,3,51,69,96,Relax
15,3,52,68,96,Relax
15,3,53,67,96,Relax
15,3,54,67,96,Relax
15,3,55,67,96,Relax
15,3,56,67,96,Relax
15,3,57,67,96,Relax
15,3,58,68,96,Relax
15,3,59,68,96,Relax
15,4,0,68,96,Relax
15,4,1,68,96,Relax
15,4,2,68,96,Relax
15,4,3,69,96,Relax
15,4,4,69,96,Relax
15,4,5,69,96,Relax
15,4,6,69,96,Relax
15,4,7,69,96,Relax
15,4,8,68,96,Relax
15,4,9,68,96,Relax
15,4,10,67,96,Relax
15,4,11,67,95,Relax
15,4,12,66,95,Relax
15,4,13,66,95,Relax
15,4,14,66,95,Relax
15,4,39,67,96,PhysicalStress
15,4,40,66,96,PhysicalStress
15,4,41,65,96,PhysicalStress
15,4,42,64,96,PhysicalStress
15,4,43,63,96,PhysicalStress
15,4,44,62,96,PhysicalStress
15,4,45,62,96,PhysicalStress
15,4,46,62,96,PhysicalStress
15,4,47,62,96,PhysicalStress
15,4,48,62,96,PhysicalStress
15,4,49,62,96,PhysicalStress
15,4,50,62,96,PhysicalStress
15,4,51,62,96,PhysicalStress
15,4,52,62,96,PhysicalStress
15,4,53,62,96,PhysicalStress
15,4,54,62,96,PhysicalStress
15,4,55,62,96,PhysicalStress
15,4,56,62,96,PhysicalStress
15,4,57,62,95,PhysicalStress
15,4,58,63,95,PhysicalStress
15,4,59,63,95,PhysicalStress
15,5,0,65,95,PhysicalStress
15,5,1,65,95,PhysicalStress
15,5,2,66,95,PhysicalStress
15,5,3,66,95,PhysicalStress
15,5,4,66,95,PhysicalStress
15,5,5,66,95,PhysicalStress
15,5,6,66,95,PhysicalStress
15,5,7,66,95,PhysicalStress
15,5,8,66,95,PhysicalStress
15,5,9,66,95,PhysicalStress
15,5,10,66,95,PhysicalStress
15,5,11,67,95,PhysicalStress
15,5,12,67,95,PhysicalStress
15,5,13,66,95,PhysicalStress
15,5,14,66,95,PhysicalStress
15,5,15,66,95,PhysicalStress
15,5,16,66,96,PhysicalStress
15,5,17,66,96,PhysicalStress
15,5,18,67,96,PhysicalStress
15,5,19,67,96,PhysicalStress
15,5,20,68,96,PhysicalStress
15,5,21,71,96,PhysicalStress
15,5,22,72,96,PhysicalStress
15,5,23,72,96,PhysicalStress
15,5,24,73,96,PhysicalStress
15,5,25,73,96,PhysicalStress
15,5,26,73,96,PhysicalStress
15,5,27,73,96,PhysicalStress
15,5,28,73,96,PhysicalStress
15,5,29,73,96,PhysicalStress
15,5,30,74,96,PhysicalStress
15,5,31,74,96,PhysicalStress
15,5,32,74,96,PhysicalStress
15,5,33,74,96,PhysicalStress
15,5,34,73,95,PhysicalStress
15,5,35,77,96,PhysicalStress
15,5,36,77,96,PhysicalStress
15,5,37,77,96,PhysicalStress
15,5,38,82,95,PhysicalStress
15,5,39,88,95,PhysicalStress
15,5,40,93,95,PhysicalStress
15,5,41,97,95,PhysicalStress
15,5,42,101,95,PhysicalStress
15,5,43,101,95,PhysicalStress
15,5,44,105,96,PhysicalStress
15,5,45,108,96,PhysicalStress
15,5,46,109,96,PhysicalStress
15,5,47,109,96,PhysicalStress
15,5,48,104,96,PhysicalStress
15,5,49,98,96,PhysicalStress
15,5,50,93,96,PhysicalStress
15,5,51,89,96,PhysicalStress
15,5,52,83,96,PhysicalStress
15,5,53,80,96,PhysicalStress
15,5,54,78,96,PhysicalStress
15,5,55,78,96,PhysicalStress
15,5,56,77,96,PhysicalStress
15,5,57,75,96,PhysicalStress
15,5,58,75,96,PhysicalStress
15,5,59,76,96,PhysicalStress
15,6,0,76,96,PhysicalStress
15,6,1,77,96,PhysicalStress
15,6,2,77,96,PhysicalStress
15,6,3,77,96,PhysicalStress
15,6,4,76,96,PhysicalStress
15,6,5,76,96,PhysicalStress
15,6,6,76,96,PhysicalStress
15,6,7,75,96,PhysicalStress
15,6,8,75,96,PhysicalStress
15,6,9,75,96,PhysicalStress
15,6,10,75,96,PhysicalStress
15,6,11,76,96,PhysicalStress
15,6,12,76,96,PhysicalStress
15,6,13,75,96,PhysicalStress
15,6,14,75,96,PhysicalStress
15,6,15,75,96,PhysicalStress
15,6,16,75,96,PhysicalStress
15,6,17,75,96,PhysicalStress
15,6,18,75,96,PhysicalStress
15,6,19,76,96,PhysicalStress
15,6,20,76,96,PhysicalStress
15,6,21,75,96,PhysicalStress
15,6,22,75,96,PhysicalStress
15,6,23,75,95,PhysicalStress
15,6,24,74,95,PhysicalStress
15,6,25,74,95,PhysicalStress
15,6,26,74,95,PhysicalStress
15,6,27,75,95,PhysicalStress
15,6,28,75,95,PhysicalStress
15,6,29,75,95,PhysicalStress
15,6,30,75,95,PhysicalStress
15,6,31,75,95,PhysicalStress
15,6,32,75,95,PhysicalStress
15,6,33,76,95,PhysicalStress
15,6,34,76,95,PhysicalStress
15,6,35,75,95,PhysicalStress
15,6,36,75,95,PhysicalStress
15,6,37,75,95,PhysicalStress
15,6,38,75,95,PhysicalStress
15,6,39,75,95,PhysicalStress
15,6,40,75,95,PhysicalStress
15,6,41,75,95,PhysicalStress
15,6,42,75,95,PhysicalStress
15,6,43,75,95,PhysicalStress
15,6,44,75,95,PhysicalStress
15,6,45,75,95,PhysicalStress
15,6,46,75,95,PhysicalStress
15,6,47,75,95,PhysicalStress
15,6,48,75,95,PhysicalStress
15,6,49,75,95,PhysicalStress
15,6,50,76,95,PhysicalStress
15,6,51,76,96,PhysicalStress
15,6,52,77,96,PhysicalStress
15,6,53,77,96,PhysicalStress
15,6,54,78,96,PhysicalStress
15,6,55,77,96,PhysicalStress
15,6,56,77,96,PhysicalStress
15,6,57,77,96,PhysicalStress
15,6,58,77,96,PhysicalStress
15,6,59,77,96,PhysicalStress
15,7,0,77,96,PhysicalStress
15,7,1,77,96,PhysicalStress
15,7,2,77,96,PhysicalStress
15,7,3,76,95,PhysicalStress
15,7,4,76,95,PhysicalStress
15,7,5,73,94,PhysicalStress
15,7,6,73,94,PhysicalStress
15,7,7,73,94,PhysicalStress
15,7,8,73,94,PhysicalStress
15,7,9,73,94,PhysicalStress
15,7,10,73,94,PhysicalStress
15,7,11,70,94,PhysicalStress
15,7,12,70,94,PhysicalStress
15,7,13,70,94,PhysicalStress
15,7,14,70,94,PhysicalStress
15,7,15,69,94,PhysicalStress
15,7,16,68,94,PhysicalStress
15,7,17,68,94,PhysicalStress
15,7,18,66,94,PhysicalStress
15,7,19,63,94,PhysicalStress
15,7,20,64,94,PhysicalStress
15,7,21,64,94,PhysicalStress
15,7,22,64,94,PhysicalStress
15,7,23,64,94,PhysicalStress
15,7,24,64,94,PhysicalStress
15,7,25,64,94,PhysicalStress
15,7,26,66,94,PhysicalStress
15,7,27,66,94,PhysicalStress
15,7,28,66,94,PhysicalStress
15,7,29,66,94,PhysicalStress
15,7,30,66,94,PhysicalStress
15,7,31,71,94,PhysicalStress
15,7,32,71,94,PhysicalStress
15,7,33,71,94,PhysicalStress
15,7,34,77,94,PhysicalStress
15,7,35,80,94,PhysicalStress
15,7,36,80,94,PhysicalStress
15,7,37,80,94,PhysicalStress
15,7,38,80,94,PhysicalStress
15,7,39,82,94,PhysicalStress
15,7,40,82,94,PhysicalStress
15,7,41,82,94,PhysicalStress
15,7,42,82,94,PhysicalStress
15,7,43,82,94,PhysicalStress
15,7,44,82,94,PhysicalStress
15,7,45,82,94,PhysicalStress
15,7,46,82,94,PhysicalStress
15,7,47,82,94,PhysicalStress
15,7,48,82,94,PhysicalStress
15,7,49,82,94,PhysicalStress
15,7,50,82,94,PhysicalStress
15,7,51,81,93,PhysicalStress
15,7,52,81,93,PhysicalStress
15,7,53,82,93,PhysicalStress
15,7,54,82,93,PhysicalStress
15,7,55,84,94,PhysicalStress
15,7,56,85,94,PhysicalStress
15,7,57,90,94,PhysicalStress
15,7,58,92,94,PhysicalStress
15,7,59,92,94,PhysicalStress
15,8,0,93,94,PhysicalStress
15,8,1,93,95,PhysicalStress
15,8,2,94,95,PhysicalStress
15,8,3,94,95,PhysicalStress
15,8,4,94,95,PhysicalStress
15,8,5,94,95,PhysicalStress
15,8,6,94,95,PhysicalStress
15,8,7,94,94,PhysicalStress
15,8,8,94,94,PhysicalStress
15,8,9,94,94,PhysicalStress
15,8,10,94,94,PhysicalStress
15,8,11,94,94,PhysicalStress
15,8,12,94,94,PhysicalStress
15,8,13,94,94,PhysicalStress
15,8,14,94,94,PhysicalStress
15,8,15,95,94,PhysicalStress
15,8,16,96,94,PhysicalStress
15,8,17,98,94,PhysicalStress
15,8,18,99,94,PhysicalStress
15,8,19,99,94,PhysicalStress
15,8,20,99,94,PhysicalStress
15,8,21,99,94,PhysicalStress
15,8,22,99,94,PhysicalStress
15,8,23,99,94,PhysicalStress
15,8,24,99,94,PhysicalStress
15,8,25,98,94,PhysicalStress
15,8,26,98,94,PhysicalStress
15,8,27,98,94,PhysicalStress
15,8,28,98,94,PhysicalStress
15,8,29,99,94,PhysicalStress
15,8,30,104,94,PhysicalStress
15,8,31,104,94,PhysicalStress
15,8,32,105,94,PhysicalStress
15,8,33,105,94,PhysicalStress
15,8,34,105,94,PhysicalStress
15,8,35,105,94,PhysicalStress
15,8,36,104,94,PhysicalStress
15,8,37,102,94,PhysicalStress
15,8,38,102,94,PhysicalStress
15,8,39,94,94,PhysicalStress
15,8,40,83,94,PhysicalStress
15,8,41,84,94,PhysicalStress
15,8,42,84,94,PhysicalStress
15,8,43,84,94,PhysicalStress
15,8,44,84,94,PhysicalStress
15,8,45,84,94,PhysicalStress
15,8,46,84,94,PhysicalStress
15,8,47,84,94,PhysicalStress
15,8,48,84,94,PhysicalStress
15,8,49,84,94,PhysicalStress
15,8,50,85,94,PhysicalStress
15,8,51,85,94,PhysicalStress
15,8,52,84,94,PhysicalStress
15,8,53,84,94,PhysicalStress
15,8,54,84,94,PhysicalStress
15,8,55,84,94,PhysicalStress
15,8,56,83,94,PhysicalStress
15,8,57,81,94,PhysicalStress
15,8,58,81,94,PhysicalStress
15,8,59,81,94,PhysicalStress
15,9,0,81,94,PhysicalStress
15,9,1,79,94,PhysicalStress
15,9,2,77,93,PhysicalStress
15,9,3,75,93,PhysicalStress
15,9,4,71,93,PhysicalStress
15,9,5,71,93,PhysicalStress
15,9,6,71,93,PhysicalStress
15,9,7,71,93,PhysicalStress
15,9,8,71,93,PhysicalStress
15,9,9,71,93,PhysicalStress
15,9,10,70,93,PhysicalStress
15,9,11,69,93,PhysicalStress
15,9,12,67,93,PhysicalStress
15,9,13,67,93,PhysicalStress
15,9,14,67,93,PhysicalStress
15,9,15,68,93,PhysicalStress
15,9,16,67,93,PhysicalStress
15,9,17,67,93,PhysicalStress
15,9,18,67,93,PhysicalStress
15,9,19,67,93,PhysicalStress
15,9,20,66,93,PhysicalStress
15,9,21,65,93,PhysicalStress
15,9,22,63,93,PhysicalStress
15,9,23,63,93,PhysicalStress
15,9,24,63,93,PhysicalStress
15,9,25,63,93,PhysicalStress
15,9,26,63,93,PhysicalStress
15,9,27,63,93,PhysicalStress
15,9,28,62,93,PhysicalStress
15,9,29,62,93,PhysicalStress
15,9,30,62,93,PhysicalStress
15,9,31,62,93,PhysicalStress
15,9,32,62,93,PhysicalStress
15,9,33,62,93,PhysicalStress
15,9,34,63,93,PhysicalStress
15,9,35,63,93,PhysicalStress
15,9,36,64,93,PhysicalStress
15,9,37,64,93,PhysicalStress
15,9,38,64,95,PhysicalStress
15,9,39,72,94,PhysicalStress
15,9,40,74,94,PhysicalStress
15,9,41,74,94,PhysicalStress
15,9,42,83,94,PhysicalStress
15,9,43,83,94,PhysicalStress
15,9,44,87,94,PhysicalStress
15,9,45,87,95,PhysicalStress
15,9,46,89,95,PhysicalStress
15,9,47,95,95,PhysicalStress
15,9,48,95,94,PhysicalStress
15,9,49,95,94,PhysicalStress
15,9,50,95,94,PhysicalStress
15,9,51,95,94,PhysicalStress
15,9,52,95,94,PhysicalStress
15,9,53,95,94,PhysicalStress
15,9,54,95,94,PhysicalStress
15,9,55,96,94,PhysicalStress
15,9,56,96,94,PhysicalStress
15,9,57,96,94,PhysicalStress
15,9,58,98,94,PhysicalStress
15,9,59,98,94,PhysicalStress
15,10,0,98,94,PhysicalStress
15,10,1,98,94,PhysicalStress
15,10,2,100,94,PhysicalStress
15,10,3,101,94,PhysicalStress
15,10,48,95,95,Relax
15,10,49,95,95,Relax
15,10,50,95,95,Relax
15,10,51,95,95,Relax
15,10,52,95,95,Relax
15,10,53,98,95,Relax
15,10,54,98,95,Relax
15,10,55,99,95,Relax
15,10,56,100,95,Relax
15,10,57,98,95,Relax
15,10,58,97,95,Relax
15,10,59,91,95,Relax
15,11,0,84,94,Relax
15,11,1,78,94,Relax
15,11,2,66,94,Relax
15,11,3,66,95,Relax
15,11,4,68,95,Relax
15,11,5,74,96,Relax
15,11,6,74,96,Relax
15,11,7,87,96,Relax
15,11,8,92,96,Relax
15,11,9,92,95,Relax
15,11,10,94,95,Relax
15,11,11,94,95,Relax
15,11,12,94,95,Relax
15,11,13,94,95,Relax
15,11,14,94,95,Relax
15,11,15,94,95,Relax
15,11,16,97,95,Relax
15,11,17,97,95,Relax
15,11,18,97,95,Relax
15,11,19,97,95,Relax
15,11,20,98,95,Relax
15,11,21,98,95,Relax
15,11,22,98,95,Relax
15,11,23,99,95,Relax
15,11,24,99,95,Relax
15,11,25,100,95,Relax
15,11,26,100,95,Relax
15,11,27,100,95,Relax
15,11,28,100,95,Relax
15,11,29,100,95,Relax
15,11,30,100,95,Relax
15,11,31,100,95,Relax
15,11,32,100,95,Relax
15,11,33,100,95,Relax
15,11,34,100,95,Relax
15,11,35,98,95,Relax
15,11,36,95,95,Relax
15,11,37,94,95,Relax
15,11,38,91,96,Relax
15,11,39,90,95,Relax
15,11,40,90,95,Relax
15,11,41,88,96,Relax
15,11,42,86,96,Relax
15,11,43,83,96,Relax
15,11,44,81,96,Relax
15,11,45,78,96,Relax
15,11,46,77,96,Relax
15,11,47,77,96,Relax
15,11,48,80,96,Relax
15,11,49,81,96,Relax
15,11,50,83,96,Relax
15,11,51,83,96,Relax
15,11,52,82,96,Relax
15,11,53,81,95,Relax
15,11,54,80,95,Relax
15,11,55,79,95,Relax
15,11,56,79,95,Relax
15,11,57,78,95,Relax
15,11,58,76,96,Relax
15,11,59,76,96,Relax
15,12,0,76,96,Relax
15,12,1,75,96,Relax
15,12,2,73,96,Relax
15,12,3,72,96,Relax
15,12,4,71,96,Relax
15,12,5,70,96,Relax
15,12,6,68,96,Relax
15,12,7,68,97,Relax
15,12,8,67,97,Relax
15,12,9,67,97,Relax
15,12,10,66,97,Relax
15,12,11,66,97,Relax
15,12,12,65,97,Relax
15,12,13,65,97,Relax
15,12,14,64,97,Relax
15,12,15,63,97,Relax
15,12,16,63,96,Relax
15,12,17,63,96,Relax
15,12,18,63,96,Relax
15,12,19,63,96,Relax
15,12,20,63,96,Relax
15,12,21,63,96,Relax
15,12,22,63,96,Relax
15,12,23,63,96,Relax
15,12,24,62,96,Relax
15,12,25,62,96,Relax
15,12,26,62,96,Relax
15,12,27,62,96,Relax
15,12,28,62,96,Relax
15,12,29,63,96,Relax
15,12,30,63,96,Relax
15,12,31,63,96,Relax
15,12,32,63,96,Relax
15,12,33,63,96,Relax
15,12,34,63,96,Relax
15,12,35,63,96,Relax
15,12,36,63,96,Relax
15,12,37,63,96,Relax
15,12,38,63,96,Relax
15,12,39,63,96,Relax
15,12,40,63,96,Relax
15,12,41,64,96,Relax
15,12,42,64,96,Relax
15,12,43,63,96,Relax
15,12,44,62,96,Relax
15,12,45,61,96,Relax
15,12,46,61,96,Relax
15,12,47,61,96,Relax
15,12,48,61,96,Relax
15,12,49,61,96,Relax
15,12,50,61,96,Relax
15,12,51,62,96,Relax
15,12,52,62,96,Relax
15,12,53,62,96,Relax
15,12,54,62,96,Relax
15,12,55,62,96,Relax
15,12,56,61,96,Relax
15,12,57,61,96,Relax
15,12,58,61,96,Relax
15,12,59,61,96,Relax
15,13,0,61,96,Relax
15,13,1,61,96,Relax
15,13,2,60,96,Relax
15,13,3,60,96,Relax
15,13,4,60,96,Relax
15,13,5,60,96,Relax
15,13,6,61,96,Relax
15,13,7,60,96,Relax
15,13,8,60,96,Relax
15,13,9,60,96,Relax
15,13,10,60,96,Relax
15,13,11,60,96,Relax
15,13,12,60,96,Relax
15,13,13,60,96,Relax
15,13,14,60,96,Relax
15,13,15,60,96,Relax
15,13,16,60,96,Relax
15,13,17,60,96,Relax
15,13,18,60,96,Relax
15,13,19,60,96,Relax
15,13,20,60,96,Relax
15,13,21,60,96,Relax
15,13,22,60,96,Relax
15,13,23,60,96,Relax
15,13,24,60,96,Relax
15,13,25,60,96,Relax
15,13,26,61,96,Relax
15,13,27,61,96,Relax
15,13,28,61,96,Relax
15,13,29,62,96,Relax
15,13,30,62,96,Relax
15,13,31,62,96,Relax
15,13,32,62,96,Relax
15,13,33,62,96,Relax
15,13,34,62,96,Relax
15,13,35,62,96,Relax
15,13,36,63,96,Relax
15,13,37,63,96,Relax
15,13,38,63,96,Relax
15,13,39,63,96,Relax
15,13,40,63,96,Relax
15,13,41,63,96,Relax
15,13,42,63,96,Relax
15,13,43,63,96,Relax
15,13,44,63,96,Relax
15,13,45,63,96,Relax
15,13,46,63,96,Relax
15,13,47,63,96,Relax
15,13,48,63,96,Relax
15,13,49,63,96,Relax
15,13,50,63,96,Relax
15,13,51,63,96,Relax
15,13,52,63,96,Relax
15,13,53,63,95,Relax
15,13,54,63,95,Relax
15,13,55,63,95,Relax
15,13,56,63,95,Relax
15,13,57,63,95,Relax
15,13,58,63,95,Relax
15,13,59,63,95,Relax
15,14,0,63,95,Relax
15,14,1,63,95,Relax
15,14,2,63,95,Relax
15,14,3,63,95,Relax
15,14,4,63,95,Relax
15,14,5,63,95,Relax
15,14,6,63,95,Relax
15,14,7,63,95,Relax
15,14,8,62,95,Relax
15,14,9,62,95,Relax
15,14,10,62,95,Relax
15,14,11,61,95,Relax
15,14,12,61,95,Relax
15,14,13,61,95,Relax
15,14,14,61,95,Relax
15,14,15,61,95,Relax
15,14,16,61,95,Relax
15,14,17,62,95,Relax
15,14,18,62,95,Relax
15,14,19,62,95,Relax
15,14,20,62,95,Relax
15,14,21,62,95,Relax
15,14,22,63,95,Relax
15,14,23,63,95,Relax
15,14,24,63,95,Relax
15,14,25,63,95,Relax
15,14,26,63,95,Relax
15,14,27,63,95,Relax
15,14,28,63,95,Relax
15,14,29,63,95,Relax
15,14,30,63,95,Relax
15,14,31,64,95,Relax
15,14,32,65,95,Relax
15,14,33,65,96,Relax
15,14,34,65,96,Relax
15,14,35,65,96,Relax
15,14,36,64,96,Relax
15,14,37,64,95,Relax
15,14,38,64,95,Relax
15,14,39,64,95,Relax
15,14,40,64,95,Relax
15,14,41,64,95,Relax
15,14,42,64,95,Relax
15,14,43,64,95,Relax
15,14,44,64,95,Relax
15,14,45,65,95,Relax
15,14,46,65,96,Relax
15,14,47,64,96,Relax
15,14,48,64,96,Relax
15,14,49,64,95,Relax
15,14,50,63,95,Relax
15,14,51,63,95,Relax
15,14,52,63,95,Relax
15,14,53,63,95,Relax
15,14,54,63,95,Relax
15,14,55,63,95,Relax
15,14,56,63,95,Relax
15,14,57,63,95,Relax
15,14,58,62,95,Relax
15,14,59,62,95,Relax
15,15,0,62,95,Relax
15,15,1,62,95,Relax
15,15,2,62,95,Relax
15,15,3,63,95,Relax
15,15,4,64,95,Relax
15,15,5,64,95,Relax
15,15,6,64,95,Relax
15,15,7,64,95,Relax
15,15,8,63,95,Relax
15,15,9,63,95,Relax
15,15,10,63,95,Relax
15,15,11,63,95,Relax
15,15,12,63,95,Relax
15,15,13,63,95,Relax
15,15,14,63,95,Relax
15,15,15,63,95,Relax
15,15,16,63,95,Relax
15,15,17,62,95,Relax
15,15,18,62,95,Relax
15,15,19,62,95,Relax
15,15,20,62,95,Relax
15,15,21,62,95,Relax
15,15,22,62,95,Relax
15,15,23,62,95,Relax
15,15,24,62,95,Relax
15,15,25,62,95,Relax
15,15,26,62,95,Relax
15,15,27,62,95,Relax
15,15,28,62,95,Relax
15,15,29,62,95,Relax
15,15,30,62,95,Relax
15,15,31,62,95,Relax
15,15,32,62,95,Relax
15,15,33,62,95,Relax
15,15,34,63,95,Relax
15,15,35,63,95,Relax
15,15,36,63,95,Relax
15,15,37,63,95,Relax
15,15,38,63,95,Relax
15,15,39,63,95,Relax
15,15,40,63,95,Relax
15,15,41,64,95,Relax
15,15,42,64,95,Relax
15,15,43,64,95,Relax
15,15,44,66,95,Relax
15,15,45,66,95,Relax
15,15,46,66,95,Relax
15,15,47,67,95,Relax
15,15,48,67,95,Relax
14,26,22,84,97,EmotionalStress
14,26,23,84,97,EmotionalStress
14,26,24,85,97,EmotionalStress
14,26,25,86,97,EmotionalStress
14,26,26,84,96,EmotionalStress
14,26,27,83,96,EmotionalStress
14,26,28,82,96,EmotionalStress
14,26,29,81,96,EmotionalStress
14,26,30,81,96,EmotionalStress
14,26,31,81,96,EmotionalStress
14,26,32,83,96,EmotionalStress
14,26,33,85,96,EmotionalStress
14,26,34,86,96,EmotionalStress
14,26,35,87,96,EmotionalStress
14,26,36,88,96,EmotionalStress
14,26,37,86,96,EmotionalStress
14,26,38,86,96,EmotionalStress
14,26,39,86,96,EmotionalStress
14,26,40,86,96,EmotionalStress
14,26,41,87,96,EmotionalStress
14,26,42,88,96,EmotionalStress
14,26,43,89,96,EmotionalStress
14,26,44,87,96,EmotionalStress
14,26,45,87,97,EmotionalStress
14,26,46,86,97,EmotionalStress
14,26,47,86,97,EmotionalStress
14,26,48,87,97,EmotionalStress
14,26,49,88,97,EmotionalStress
14,26,50,86,96,EmotionalStress
14,26,51,86,96,EmotionalStress
14,26,52,85,96,EmotionalStress
14,26,53,84,96,EmotionalStress
14,26,54,84,96,EmotionalStress
14,26,55,84,96,EmotionalStress
14,26,56,84,96,EmotionalStress
14,26,57,84,96,EmotionalStress
14,26,58,84,96,EmotionalStress
14,26,59,84,96,EmotionalStress
14,27,0,83,96,EmotionalStress
14,27,1,84,96,EmotionalStress
14,27,2,84,96,EmotionalStress
15,16,48,65,96,CognitiveStress
15,16,49,65,96,CognitiveStress
15,16,50,65,96,CognitiveStress
15,16,51,69,96,CognitiveStress
15,16,52,74,95,CognitiveStress
15,16,53,74,95,CognitiveStress
15,16,54,80,95,CognitiveStress
15,16,55,80,95,CognitiveStress
15,16,56,84,96,CognitiveStress
15,16,57,86,96,CognitiveStress
15,16,58,86,96,CognitiveStress
15,16,59,88,96,CognitiveStress
15,17,0,93,96,CognitiveStress
15,17,1,93,96,CognitiveStress
15,17,2,93,96,CognitiveStress
15,17,3,94,96,CognitiveStress
15,17,4,95,96,CognitiveStress
15,17,5,95,96,CognitiveStress
15,17,6,95,96,CognitiveStress
15,17,7,95,96,CognitiveStress
15,17,8,95,96,CognitiveStress
15,17,9,96,96,CognitiveStress
15,17,10,98,96,CognitiveStress
15,17,11,102,96,CognitiveStress
15,17,12,102,96,CognitiveStress
15,17,13,102,96,CognitiveStress
15,17,14,103,96,CognitiveStress
15,17,15,99,96,CognitiveStress
15,17,16,94,95,CognitiveStress
15,17,17,91,95,CognitiveStress
15,17,18,88,95,CognitiveStress
15,17,19,85,95,CognitiveStress
15,17,20,83,95,CognitiveStress
15,17,21,82,95,CognitiveStress
15,17,22,82,95,CognitiveStress
15,17,23,82,95,CognitiveStress
15,17,24,82,95,CognitiveStress
15,17,25,82,95,CognitiveStress
15,17,26,81,95,CognitiveStress
15,17,27,80,95,CognitiveStress
15,17,28,80,95,CognitiveStress
15,17,29,80,95,CognitiveStress
15,17,30,80,95,CognitiveStress
15,17,31,81,95,CognitiveStress
15,17,32,81,95,CognitiveStress
15,17,33,81,95,CognitiveStress
15,17,34,80,95,CognitiveStress
15,17,35,80,95,CognitiveStress
15,17,36,80,95,CognitiveStress
15,17,37,80,95,CognitiveStress
15,17,38,80,95,CognitiveStress
15,17,39,79,95,CognitiveStress
15,17,40,79,95,CognitiveStress
15,17,41,78,95,CognitiveStress
15,17,42,77,95,CognitiveStress
15,17,43,77,95,CognitiveStress
15,17,44,77,95,CognitiveStress
15,17,45,77,95,CognitiveStress
15,17,46,78,96,CognitiveStress
15,17,47,78,96,CognitiveStress
15,17,48,79,96,CognitiveStress
15,17,49,82,96,CognitiveStress
15,17,50,82,96,CognitiveStress
15,17,51,82,96,CognitiveStress
15,17,52,82,96,CognitiveStress
15,17,53,80,96,CognitiveStress
15,17,54,79,96,CognitiveStress
15,17,55,78,96,CognitiveStress
15,17,56,77,96,CognitiveStress
15,17,57,78,96,CognitiveStress
15,17,58,77,96,CognitiveStress
15,17,59,77,96,CognitiveStress
15,18,0,77,96,CognitiveStress
15,18,1,76,96,CognitiveStress
15,18,2,76,97,CognitiveStress
15,18,3,76,97,CognitiveStress
15,18,4,76,97,CognitiveStress
15,18,5,76,97,CognitiveStress
15,18,6,77,97,CognitiveStress
15,18,7,77,97,CognitiveStress
15,18,8,76,97,CognitiveStress
15,18,9,75,97,CognitiveStress
15,18,10,75,97,CognitiveStress
15,18,11,76,97,CognitiveStress
15,18,12,76,97,CognitiveStress
15,18,13,76,97,CognitiveStress
15,18,14,75,97,CognitiveStress
15,18,15,75,97,CognitiveStress
15,18,16,74,97,CognitiveStress
15,18,17,74,97,CognitiveStress
15,18,18,74,97,CognitiveStress
15,18,19,75,97,CognitiveStress
15,18,20,76,97,CognitiveStress
15,18,21,76,97,CognitiveStress
15,18,22,76,97,CognitiveStress
15,18,23,76,97,CognitiveStress
15,18,24,75,97,CognitiveStress
15,18,25,74,97,CognitiveStress
15,18,26,73,97,CognitiveStress
15,18,27,74,97,CognitiveStress
15,18,28,74,97,CognitiveStress
15,18,29,75,97,CognitiveStress
15,18,30,76,97,CognitiveStress
15,18,31,76,97,CognitiveStress
15,18,32,76,97,CognitiveStress
15,18,33,76,97,CognitiveStress
15,18,34,76,97,CognitiveStress
15,18,35,76,97,CognitiveStress
15,18,36,75,97,CognitiveStress
15,18,37,74,97,CognitiveStress
15,18,38,74,97,CognitiveStress
15,18,39,75,97,CognitiveStress
15,18,40,77,97,CognitiveStress
15,18,41,77,97,CognitiveStress
15,18,42,77,97,CognitiveStress
15,18,43,76,97,CognitiveStress
15,18,44,75,97,CognitiveStress
15,18,45,75,97,CognitiveStress
15,18,46,75,97,CognitiveStress
15,18,47,76,97,CognitiveStress
15,18,48,75,97,CognitiveStress
15,18,49,76,97,CognitiveStress
15,18,50,77,97,CognitiveStress
15,18,51,76,97,CognitiveStress
15,18,52,76,97,CognitiveStress
15,18,53,76,97,CognitiveStress
15,18,54,76,97,CognitiveStress
15,18,55,76,97,CognitiveStress
15,18,56,76,97,CognitiveStress
15,18,57,76,97,CognitiveStress
15,18,58,76,97,CognitiveStress
15,18,59,77,97,CognitiveStress
15,19,0,77,97,CognitiveStress
15,19,1,78,98,CognitiveStress
15,19,2,79,98,CognitiveStress
15,19,3,79,97,CognitiveStress
15,19,4,78,97,CognitiveStress
15,19,5,78,97,CognitiveStress
15,19,6,76,97,CognitiveStress
15,19,7,76,97,CognitiveStress
15,19,8,76,97,CognitiveStress
15,19,9,75,97,CognitiveStress
15,19,10,75,97,CognitiveStress
15,19,11,75,97,CognitiveStress
15,19,12,75,97,CognitiveStress
15,19,13,76,97,CognitiveStress
15,19,14,76,97,CognitiveStress
15,19,15,77,97,CognitiveStress
15,19,16,77,97,CognitiveStress
15,19,17,77,97,CognitiveStress
15,19,18,77,97,CognitiveStress
15,19,19,77,98,CognitiveStress
15,19,20,76,98,CognitiveStress
15,19,21,75,98,CognitiveStress
15,19,22,75,98,CognitiveStress
15,19,23,76,98,CognitiveStress
15,19,24,77,98,CognitiveStress
15,19,25,77,98,CognitiveStress
15,19,26,76,98,CognitiveStress
15,19,27,77,97,CognitiveStress
15,19,28,76,97,CognitiveStress
15,19,29,76,97,CognitiveStress
15,19,30,77,97,CognitiveStress
15,19,31,77,97,CognitiveStress
15,19,32,76,97,CognitiveStress
15,19,33,76,97,CognitiveStress
15,19,34,76,97,CognitiveStress
15,19,35,76,97,CognitiveStress
15,19,36,76,98,CognitiveStress
15,19,37,75,98,CognitiveStress
15,19,38,76,98,CognitiveStress
15,19,39,76,97,CognitiveStress
15,19,40,77,97,CognitiveStress
15,19,41,78,97,CognitiveStress
15,19,42,79,97,CognitiveStress
15,19,43,79,98,CognitiveStress
15,19,44,78,98,CognitiveStress
15,19,45,77,98,CognitiveStress
15,19,46,76,97,CognitiveStress
15,19,47,76,97,CognitiveStress
15,19,48,77,98,CognitiveStress
15,19,49,76,98,CognitiveStress
15,19,50,77,98,CognitiveStress
15,19,51,76,98,CognitiveStress
15,19,52,75,97,CognitiveStress
15,19,53,74,97,CognitiveStress
15,19,54,74,97,CognitiveStress
15,19,55,75,97,CognitiveStress
15,19,56,76,98,CognitiveStress
15,19,57,77,98,CognitiveStress
15,19,58,76,98,CognitiveStress
15,19,59,74,98,CognitiveStress
15,20,0,73,98,CognitiveStress
15,20,1,72,98,CognitiveStress
15,20,2,73,97,CognitiveStress
15,20,3,74,97,CognitiveStress
15,20,4,74,97,CognitiveStress
15,20,5,75,97,CognitiveStress
15,20,6,76,97,CognitiveStress
15,20,7,76,97,CognitiveStress
15,20,8,76,97,CognitiveStress
15,20,9,76,97,CognitiveStress
15,20,10,76,97,CognitiveStress
15,20,11,75,97,CognitiveStress
15,20,12,75,97,CognitiveStress
15,20,13,75,97,CognitiveStress
15,20,14,74,97,CognitiveStress
15,20,15,74,97,CognitiveStress
15,20,16,73,97,CognitiveStress
15,20,17,73,97,CognitiveStress
15,20,18,73,97,CognitiveStress
15,20,19,73,97,CognitiveStress
15,20,20,73,97,CognitiveStress
15,20,21,73,97,CognitiveStress
15,20,22,73,97,CognitiveStress
15,20,23,74,97,CognitiveStress
15,20,24,74,97,CognitiveStress
15,20,25,75,97,CognitiveStress
15,20,26,75,97,CognitiveStress
15,20,27,75,97,CognitiveStress
15,20,28,75,97,CognitiveStress
15,20,29,75,97,CognitiveStress
15,20,30,75,97,CognitiveStress
15,20,31,75,97,CognitiveStress
15,20,32,75,97,CognitiveStress
15,20,33,75,97,CognitiveStress
15,20,34,75,97,CognitiveStress
15,20,35,75,97,CognitiveStress
15,20,36,74,97,CognitiveStress
15,20,37,74,97,CognitiveStress
15,20,38,74,97,CognitiveStress
15,20,39,75,97,CognitiveStress
15,20,40,75,97,CognitiveStress
15,20,41,75,98,CognitiveStress
15,20,42,74,98,CognitiveStress
15,20,43,73,97,CognitiveStress
15,20,44,73,97,CognitiveStress
15,20,45,73,97,CognitiveStress
15,20,46,72,97,CognitiveStress
15,20,47,72,97,CognitiveStress
15,20,48,72,97,CognitiveStress
15,20,49,72,97,CognitiveStress
15,20,50,72,97,CognitiveStress
15,20,51,73,97,CognitiveStress
15,20,52,74,97,CognitiveStress
15,20,53,77,97,CognitiveStress
15,20,54,77,97,CognitiveStress
15,20,55,80,97,CognitiveStress
15,20,56,81,97,CognitiveStress
15,20,57,81,97,CognitiveStress
15,20,58,81,97,CognitiveStress
15,20,59,80,97,CognitiveStress
15,21,0,77,97,CognitiveStress
15,21,1,77,97,CognitiveStress
15,21,2,76,97,CognitiveStress
15,21,3,76,97,CognitiveStress
15,21,4,75,97,CognitiveStress
15,21,5,75,97,CognitiveStress
15,21,6,75,97,CognitiveStress
15,21,7,75,97,CognitiveStress
15,21,8,74,97,CognitiveStress
15,21,9,72,97,CognitiveStress
15,21,10,71,97,CognitiveStress
15,21,11,71,97,CognitiveStress
15,21,12,71,97,CognitiveStress
15,21,13,73,96,CognitiveStress
15,21,14,73,96,CognitiveStress
15,21,15,74,96,CognitiveStress
15,21,16,74,96,CognitiveStress
15,21,17,74,96,CognitiveStress
15,21,18,74,96,CognitiveStress
15,21,19,73,96,CognitiveStress
15,21,20,73,96,CognitiveStress
15,21,21,72,96,CognitiveStress
15,21,22,72,96,CognitiveStress
15,21,23,72,96,CognitiveStress
15,21,24,72,97,CognitiveStress
15,21,25,73,97,CognitiveStress
15,21,26,73,97,CognitiveStress
15,21,27,73,97,CognitiveStress
15,21,28,75,97,CognitiveStress
15,21,29,77,97,CognitiveStress
15,21,30,79,97,CognitiveStress
15,21,31,79,97,CognitiveStress
15,21,32,81,97,CognitiveStress
15,21,33,81,97,CognitiveStress
15,21,34,82,97,CognitiveStress
15,21,35,82,98,CognitiveStress
15,21,36,81,98,CognitiveStress
15,21,37,80,98,CognitiveStress
15,21,38,80,97,CognitiveStress
15,21,39,79,97,CognitiveStress
15,21,40,78,97,CognitiveStress
15,21,41,77,97,CognitiveStress
15,21,42,77,97,CognitiveStress
15,21,43,77,97,CognitiveStress
15,21,44,77,97,CognitiveStress
15,21,45,77,97,CognitiveStress
15,21,46,78,97,CognitiveStress
15,21,47,77,97,CognitiveStress
15,21,48,77,97,CognitiveStress
15,21,49,77,97,CognitiveStress
15,21,50,78,97,CognitiveStress
15,21,51,78,97,CognitiveStress
15,21,52,78,97,CognitiveStress
15,21,53,78,97,CognitiveStress
15,21,54,77,97,CognitiveStress
15,21,55,75,97,CognitiveStress
15,21,56,75,97,CognitiveStress
15,21,57,75,97,CognitiveStress
15,21,58,73,97,CognitiveStress
15,21,59,73,97,CognitiveStress
15,22,0,72,97,CognitiveStress
15,22,1,71,97,CognitiveStress
15,22,2,71,97,CognitiveStress
15,22,3,71,97,CognitiveStress
15,22,4,71,97,CognitiveStress
15,22,5,71,97,CognitiveStress
15,22,6,70,97,CognitiveStress
15,22,7,70,97,CognitiveStress
15,22,8,69,97,CognitiveStress
15,22,9,69,97,CognitiveStress
15,22,10,69,97,CognitiveStress
15,22,11,70,97,CognitiveStress
15,22,12,70,97,CognitiveStress
15,22,13,71,97,CognitiveStress
15,22,14,71,97,CognitiveStress
15,22,15,70,97,CognitiveStress
15,22,16,70,97,CognitiveStress
15,22,17,70,96,CognitiveStress
15,22,18,70,96,CognitiveStress
15,22,19,70,96,CognitiveStress
15,22,20,71,97,CognitiveStress
15,22,21,71,97,CognitiveStress
15,22,22,71,97,CognitiveStress
15,22,23,71,97,CognitiveStress
15,22,24,71,97,CognitiveStress
15,22,25,71,97,CognitiveStress
15,22,26,70,97,CognitiveStress
15,22,27,70,97,CognitiveStress
15,22,28,70,97,CognitiveStress
15,22,29,70,97,CognitiveStress
15,22,30,71,97,CognitiveStress
15,22,31,72,97,CognitiveStress
15,22,32,72,97,CognitiveStress
15,22,33,72,97,CognitiveStress
15,22,34,72,97,CognitiveStress
15,22,35,72,97,CognitiveStress
15,22,36,72,97,CognitiveStress
15,22,37,72,97,CognitiveStress
15,22,38,72,97,CognitiveStress
15,22,39,73,97,CognitiveStress
15,22,40,72,97,CognitiveStress
15,22,41,72,97,CognitiveStress
15,22,42,72,97,CognitiveStress
15,23,12,70,96,Relax
15,23,13,74,96,Relax
15,23,14,75,96,Relax
15,23,15,76,96,Relax
15,23,16,75,96,Relax
15,23,17,75,96,Relax
15,23,18,74,96,Relax
15,23,19,74,96,Relax
15,23,20,73,96,Relax
15,23,21,73,96,Relax
15,23,22,73,96,Relax
15,23,23,73,96,Relax
15,23,24,73,96,Relax
15,23,25,72,96,Relax
15,23,26,72,96,Relax
15,23,27,72,96,Relax
15,23,28,72,96,Relax
15,23,29,73,96,Relax
15,23,30,72,96,Relax
15,23,31,73,96,Relax
15,23,32,73,96,Relax
15,23,33,72,96,Relax
15,23,34,72,96,Relax
15,23,35,72,96,Relax
15,23,36,73,96,Relax
15,23,37,73,96,Relax
15,23,38,73,96,Relax
15,23,39,75,96,Relax
15,23,40,77,96,Relax
15,23,41,77,96,Relax
15,23,42,79,96,Relax
15,23,43,80,97,Relax
15,23,44,80,97,Relax
15,23,45,79,97,Relax
15,23,46,79,97,Relax
15,23,47,79,97,Relax
15,23,48,79,97,Relax
15,23,49,79,97,Relax
15,23,50,80,97,Relax
15,23,51,80,97,Relax
15,23,52,80,97,Relax
15,23,53,80,97,Relax
15,23,54,80,97,Relax
15,23,55,80,97,Relax
15,23,56,80,97,Relax
15,23,57,81,97,Relax
15,23,58,81,96,Relax
15,23,59,81,96,Relax
15,24,0,81,96,Relax
15,24,1,81,96,Relax
15,24,2,81,96,Relax
15,24,3,81,96,Relax
15,24,4,81,96,Relax
15,24,5,81,96,Relax
15,24,6,81,96,Relax
15,24,7,81,96,Relax
15,24,8,81,96,Relax
15,24,9,81,96,Relax
15,24,10,81,96,Relax
15,24,11,81,96,Relax
15,24,12,81,96,Relax
15,24,13,81,96,Relax
15,24,14,82,96,Relax
15,24,15,82,96,Relax
15,24,16,83,95,Relax
15,24,17,83,95,Relax
15,24,18,86,95,Relax
15,24,19,86,96,Relax
15,24,20,92,96,Relax
15,24,21,92,96,Relax
15,24,22,89,96,Relax
15,24,23,89,96,Relax
15,24,24,89,96,Relax
15,24,25,88,96,Relax
15,24,26,87,96,Relax
15,24,27,87,96,Relax
15,24,28,85,96,Relax
15,24,29,82,96,Relax
15,24,30,80,96,Relax
15,24,31,78,96,Relax
15,24,32,76,96,Relax
15,24,33,75,96,Relax
15,24,34,75,96,Relax
15,24,35,74,96,Relax
15,24,36,73,96,Relax
15,24,37,73,96,Relax
15,24,38,72,96,Relax
15,24,39,71,96,Relax
15,24,40,71,96,Relax
15,24,41,72,96,Relax
15,24,42,71,96,Relax
15,24,43,70,96,Relax
15,24,44,70,96,Relax
15,24,45,70,96,Relax
15,24,46,70,97,Relax
15,24,47,70,96,Relax
15,24,48,70,96,Relax
15,24,49,70,96,Relax
15,24,50,69,96,Relax
15,24,51,69,96,Relax
15,24,52,69,96,Relax
15,24,53,69,97,Relax
15,24,54,68,96,Relax
15,24,55,68,96,Relax
15,24,56,70,96,Relax
15,24,57,70,96,Relax
15,24,58,70,96,Relax
15,24,59,71,96,Relax
15,25,0,70,96,Relax
15,25,1,69,96,Relax
15,25,2,68,96,Relax
15,25,3,66,96,Relax
15,25,4,65,96,Relax
15,25,5,65,96,Relax
15,25,6,64,96,Relax
15,25,7,64,96,Relax
15,25,8,63,96,Relax
15,25,9,63,96,Relax
15,25,10,63,96,Relax
15,25,11,62,95,Relax
15,25,12,62,95,Relax
15,25,13,62,95,Relax
15,25,14,62,95,Relax
15,25,15,62,95,Relax
15,25,16,62,95,Relax
15,25,17,63,95,Relax
15,25,18,63,95,Relax
15,25,19,63,95,Relax
15,25,20,63,95,Relax
15,25,21,62,95,Relax
15,25,22,62,95,Relax
15,25,23,63,95,Relax
15,25,24,63,95,Relax
15,25,25,64,95,Relax
15,25,26,64,95,Relax
15,25,27,64,96,Relax
15,25,28,64,96,Relax
15,25,29,64,96,Relax
15,25,30,64,96,Relax
15,25,31,64,96,Relax
15,25,32,64,96,Relax
15,25,33,64,96,Relax
15,25,34,64,96,Relax
15,25,35,64,96,Relax
15,25,36,64,96,Relax
15,25,37,64,96,Relax
15,25,38,63,96,Relax
15,25,39,62,96,Relax
15,25,40,62,96,Relax
15,25,41,61,96,Relax
15,25,42,60,96,Relax
15,25,43,60,96,Relax
15,25,44,60,96,Relax
15,25,45,59,96,Relax
15,25,46,59,96,Relax
15,25,47,59,96,Relax
15,25,48,59,96,Relax
15,25,49,59,96,Relax
15,25,50,59,96,Relax
15,25,51,59,95,Relax
15,25,52,59,95,Relax
15,25,53,58,95,Relax
15,25,54,58,95,Relax
15,25,55,58,95,Relax
15,25,56,58,95,Relax
15,25,57,58,95,Relax
15,25,58,58,95,Relax
15,25,59,57,95,Relax
15,26,0,58,95,Relax
15,26,1,58,95,Relax
15,26,2,58,95,Relax
15,26,3,58,95,Relax
15,26,4,59,95,Relax
15,26,5,59,95,Relax
15,26,6,59,95,Relax
15,26,7,59,95,Relax
15,26,8,59,95,Relax
15,26,9,59,95,Relax
15,26,10,59,95,Relax
15,26,11,61,95,Relax
15,26,12,61,95,Relax
15,26,13,61,95,Relax
15,26,14,62,95,Relax
15,26,15,62,95,Relax
15,26,16,63,95,Relax
15,26,17,63,95,Relax
15,26,18,64,95,Relax
15,26,19,64,95,Relax
15,26,20,64,95,Relax
15,26,21,65,95,Relax
15,26,22,65,95,Relax
15,26,23,64,95,Relax
15,26,24,64,95,Relax
15,26,25,64,95,Relax
15,26,26,64,95,Relax
15,26,27,64,95,Relax
15,26,28,65,95,Relax
15,26,29,64,95,Relax
15,26,30,64,95,Relax
15,26,31,64,95,Relax
15,26,32,64,95,Relax
15,26,33,64,95,Relax
15,26,34,63,95,Relax
15,26,35,63,95,Relax
15,26,36,63,95,Relax
15,26,37,63,95,Relax
15,26,38,62,95,Relax
15,26,39,62,95,Relax
15,26,40,62,95,Relax
15,26,41,62,95,Relax
15,26,42,61,95,Relax
15,26,43,61,95,Relax
15,26,44,61,95,Relax
15,26,45,61,95,Relax
15,26,46,61,95,Relax
15,26,47,61,95,Relax
15,26,48,62,95,Relax
15,26,49,61,95,Relax
15,26,50,61,95,Relax
15,26,51,61,95,Relax
15,26,52,61,95,Relax
15,26,53,61,95,Relax
15,26,54,61,95,Relax
15,26,55,61,95,Relax
15,26,56,62,95,Relax
15,26,57,62,95,Relax
15,26,58,62,95,Relax
15,26,59,61,95,Relax
15,27,0,61,95,Relax
15,27,1,61,95,Relax
15,27,2,61,95,Relax
15,27,3,60,95,Relax
15,27,4,60,95,Relax
15,27,5,60,95,Relax
15,27,6,60,95,Relax
15,27,7,61,95,Relax
15,27,8,61,95,Relax
15,27,9,61,95,Relax
15,27,10,61,95,Relax
15,27,11,60,95,Relax
15,27,12,60,95,Relax
15,27,13,60,95,Relax
15,27,14,60,95,Relax
15,27,15,60,95,Relax
15,27,16,60,95,Relax
15,27,17,61,95,Relax
15,27,18,61,95,Relax
15,27,19,62,95,Relax
15,27,20,63,95,Relax
15,27,21,63,95,Relax
15,27,22,63,96,Relax
15,27,23,63,96,Relax
15,27,24,63,96,Relax
15,27,25,63,96,Relax
15,27,26,63,96,Relax
15,27,27,63,96,Relax
15,27,28,63,96,Relax
15,27,29,64,96,Relax
15,27,30,67,96,Relax
15,27,31,68,96,Relax
15,27,32,69,96,Relax
15,27,33,67,96,Relax
15,27,34,66,96,Relax
15,27,35,66,96,Relax
15,27,36,65,96,Relax
15,27,37,65,96,Relax
15,27,38,64,96,Relax
15,27,39,64,96,Relax
15,27,40,64,96,Relax
15,27,41,64,96,Relax
15,27,42,64,96,Relax
15,27,43,64,96,Relax
15,27,44,64,96,Relax
15,27,45,64,96,Relax
15,27,46,64,96,Relax
15,27,47,64,96,Relax
15,27,48,64,96,Relax
15,27,49,63,96,Relax
15,27,50,63,96,Relax
15,27,51,63,96,Relax
15,27,52,62,96,Relax
15,27,53,62,96,Relax
15,27,54,62,96,Relax
15,27,55,62,96,Relax
15,27,56,62,96,Relax
15,27,57,61,96,Relax
15,27,58,61,96,Relax
15,27,59,61,96,Relax
15,28,0,61,96,Relax
15,28,1,61,96,Relax
15,28,2,62,96,Relax
15,28,3,62,96,Relax
15,28,4,62,96,Relax
15,28,5,62,95,Relax
15,28,6,62,95,Relax
15,28,7,62,95,Relax
15,28,8,62,95,Relax
15,28,9,62,95,Relax
15,28,10,62,96,Relax
15,28,11,62,96,Relax
15,28,12,61,96,Relax
15,28,27,61,96,EmotionalStress
15,28,28,61,96,EmotionalStress
15,28,29,62,96,EmotionalStress
15,28,30,63,96,EmotionalStress
15,28,31,63,96,EmotionalStress
15,28,32,63,96,EmotionalStress
15,28,33,64,96,EmotionalStress
15,28,34,63,96,EmotionalStress
15,28,35,63,95,EmotionalStress
15,28,36,63,95,EmotionalStress
15,28,37,63,95,EmotionalStress
15,28,38,63,95,EmotionalStress
15,28,39,64,95,EmotionalStress
15,28,40,64,95,EmotionalStress
15,28,41,63,95,EmotionalStress
15,28,42,64,95,EmotionalStress
15,28,43,63,95,EmotionalStress
15,28,44,63,95,EmotionalStress
15,28,45,64,95,EmotionalStress
15,28,46,64,95,EmotionalStress
15,28,47,64,95,EmotionalStress
15,28,48,64,95,EmotionalStress
15,28,49,64,95,EmotionalStress
15,28,50,64,95,EmotionalStress
15,28,51,63,95,EmotionalStress
15,28,52,62,95,EmotionalStress
15,28,53,62,95,EmotionalStress
15,28,54,62,95,EmotionalStress
15,28,55,62,95,EmotionalStress
15,28,56,62,95,EmotionalStress
15,28,57,61,95,EmotionalStress
15,28,58,61,95,EmotionalStress
15,28,59,60,95,EmotionalStress
15,29,0,60,95,EmotionalStress
15,29,1,60,95,EmotionalStress
15,29,2,60,95,EmotionalStress
15,29,3,60,95,EmotionalStress
15,29,4,60,95,EmotionalStress
15,29,5,60,95,EmotionalStress
15,29,6,61,95,EmotionalStress
15,29,7,61,95,EmotionalStress
15,29,8,61,95,EmotionalStress
15,29,9,61,95,EmotionalStress
15,29,10,61,95,EmotionalStress
15,29,11,62,95,EmotionalStress
15,29,12,63,95,EmotionalStress
15,29,13,63,95,EmotionalStress
15,29,14,64,95,EmotionalStress
15,29,15,65,95,EmotionalStress
15,29,16,67,95,EmotionalStress
15,29,17,67,95,EmotionalStress
15,29,18,69,95,EmotionalStress
15,29,19,69,95,EmotionalStress
15,29,20,69,95,EmotionalStress
15,29,21,71,96,EmotionalStress
15,29,22,73,96,EmotionalStress
15,29,23,73,96,EmotionalStress
15,29,24,74,96,EmotionalStress
15,29,25,74,96,EmotionalStress
15,29,26,74,96,EmotionalStress
15,29,27,75,96,EmotionalStress
15,29,28,76,96,EmotionalStress
15,29,29,76,96,EmotionalStress
15,29,30,76,96,EmotionalStress
15,29,31,76,96,EmotionalStress
15,29,32,76,96,EmotionalStress
15,29,33,76,96,EmotionalStress
15,29,34,79,96,EmotionalStress
15,29,35,86,97,EmotionalStress
15,29,36,94,97,EmotionalStress
15,29,37,94,97,EmotionalStress
15,29,38,100,97,EmotionalStress
15,29,39,100,97,EmotionalStress
15,29,40,100,97,EmotionalStress
15,29,41,100,97,EmotionalStress
15,29,42,100,97,EmotionalStress
15,29,43,100,96,EmotionalStress
15,29,44,100,96,EmotionalStress
15,29,45,100,96,EmotionalStress
15,29,46,100,96,EmotionalStress
15,29,47,98,96,EmotionalStress
15,29,48,95,96,EmotionalStress
15,29,49,90,97,EmotionalStress
15,29,50,85,97,EmotionalStress
15,29,51,82,97,EmotionalStress
15,29,52,78,97,EmotionalStress
15,29,53,78,97,EmotionalStress
15,29,54,78,97,EmotionalStress
15,29,55,78,97,EmotionalStress
15,29,56,79,97,EmotionalStress
15,29,57,79,97,EmotionalStress
15,29,58,82,97,EmotionalStress
15,29,59,82,97,EmotionalStress
15,30,0,82,97,EmotionalStress
15,30,1,82,97,EmotionalStress
15,30,2,82,97,EmotionalStress
15,30,3,83,97,EmotionalStress
15,30,4,84,97,EmotionalStress
15,30,5,84,97,EmotionalStress
15,30,6,84,97,EmotionalStress
15,30,7,84,97,EmotionalStress
15,30,8,84,97,EmotionalStress
15,30,9,85,97,EmotionalStress
15,30,10,85,97,EmotionalStress
15,30,11,85,97,EmotionalStress
15,30,12,85,97,EmotionalStress
15,30,13,85,96,EmotionalStress
15,30,14,84,96,EmotionalStress
15,30,15,84,96,EmotionalStress
15,30,16,83,96,EmotionalStress
15,30,17,83,96,EmotionalStress
15,30,18,83,96,EmotionalStress
15,30,19,82,96,EmotionalStress
15,30,20,80,96,EmotionalStress
15,30,21,79,96,EmotionalStress
15,30,22,77,96,EmotionalStress
15,30,23,76,96,EmotionalStress
15,30,24,76,95,EmotionalStress
15,30,25,76,95,EmotionalStress
15,30,26,76,95,EmotionalStress
15,30,27,76,95,EmotionalStress
15,30,28,76,95,EmotionalStress
15,30,29,75,95,EmotionalStress
15,30,30,75,95,EmotionalStress
15,30,31,76,95,EmotionalStress
15,30,32,76,95,EmotionalStress
15,30,33,76,96,EmotionalStress
15,30,34,77,96,EmotionalStress
15,30,35,76,96,EmotionalStress
15,30,36,75,96,EmotionalStress
15,30,37,74,96,EmotionalStress
15,30,38,74,96,EmotionalStress
15,30,39,74,96,EmotionalStress
15,30,40,74,96,EmotionalStress
15,30,41,74,96,EmotionalStress
15,30,42,74,96,EmotionalStress
15,30,43,74,96,EmotionalStress
15,30,44,74,96,EmotionalStress
15,30,45,73,96,EmotionalStress
15,30,46,73,96,EmotionalStress
15,30,47,73,96,EmotionalStress
15,30,48,73,96,EmotionalStress
15,30,49,73,96,EmotionalStress
15,30,50,73,96,EmotionalStress
15,30,51,73,96,EmotionalStress
15,30,52,73,96,EmotionalStress
15,30,53,72,96,EmotionalStress
15,30,54,72,96,EmotionalStress
15,30,55,71,96,EmotionalStress
15,30,56,71,96,EmotionalStress
15,30,57,71,96,EmotionalStress
15,30,58,71,96,EmotionalStress
15,30,59,70,96,EmotionalStress
15,31,0,70,96,EmotionalStress
15,31,1,70,96,EmotionalStress
15,31,2,69,96,EmotionalStress
15,31,3,69,96,EmotionalStress
15,31,4,69,96,EmotionalStress
15,31,5,69,96,EmotionalStress
15,31,6,69,96,EmotionalStress
15,31,7,69,96,EmotionalStress
15,31,8,69,96,EmotionalStress
15,31,9,69,96,EmotionalStress
15,31,10,70,96,EmotionalStress
15,31,11,70,96,EmotionalStress
15,31,12,69,96,EmotionalStress
15,31,13,70,96,EmotionalStress
15,31,14,70,96,EmotionalStress
15,31,15,70,96,EmotionalStress
15,31,16,70,96,EmotionalStress
15,31,17,70,96,EmotionalStress
15,31,18,70,96,EmotionalStress
15,31,19,70,96,EmotionalStress
15,31,20,70,96,EmotionalStress
15,31,21,70,96,EmotionalStress
15,31,22,70,96,EmotionalStress
15,31,23,70,96,EmotionalStress
15,31,24,70,96,EmotionalStress
15,31,25,71,96,EmotionalStress
15,31,26,70,96,EmotionalStress
15,31,27,69,96,EmotionalStress
15,31,28,68,96,EmotionalStress
15,31,29,68,96,EmotionalStress
15,31,30,68,96,EmotionalStress
15,31,31,67,96,EmotionalStress
15,31,32,67,96,EmotionalStress
15,31,33,67,96,EmotionalStress
15,31,34,67,96,EmotionalStress
15,31,35,66,96,EmotionalStress
15,31,36,66,96,EmotionalStress
15,31,37,66,96,EmotionalStress
15,31,38,66,96,EmotionalStress
15,31,39,66,96,EmotionalStress
15,31,40,66,96,EmotionalStress
15,31,41,66,96,EmotionalStress
15,31,42,67,96,EmotionalStress
15,31,43,67,96,EmotionalStress
15,31,44,67,96,EmotionalStress
15,31,45,67,96,EmotionalStress
15,31,46,68,96,EmotionalStress
15,31,47,68,96,EmotionalStress
15,31,48,68,96,EmotionalStress
15,31,49,68,96,EmotionalStress
15,31,50,67,96,EmotionalStress
15,31,51,67,96,EmotionalStress
15,31,52,68,96,EmotionalStress
15,31,53,68,96,EmotionalStress
15,31,54,69,96,EmotionalStress
15,31,55,69,96,EmotionalStress
15,31,56,69,96,EmotionalStress
15,31,57,70,96,EmotionalStress
15,31,58,70,96,EmotionalStress
15,31,59,71,96,EmotionalStress
15,32,0,71,96,EmotionalStress
15,32,1,71,96,EmotionalStress
15,32,2,70,96,EmotionalStress
15,32,3,70,96,EmotionalStress
15,32,4,69,96,EmotionalStress
15,32,5,69,96,EmotionalStress
15,32,6,69,96,EmotionalStress
15,32,7,69,96,EmotionalStress
15,32,8,69,96,EmotionalStress
15,32,9,69,96,EmotionalStress
15,32,10,69,96,EmotionalStress
15,32,11,69,96,EmotionalStress
15,32,12,70,96,EmotionalStress
15,32,13,70,96,EmotionalStress
15,32,14,70,96,EmotionalStress
15,32,15,71,96,EmotionalStress
15,32,16,71,96,EmotionalStress
15,32,17,71,96,EmotionalStress
15,32,18,70,96,EmotionalStress
15,32,19,70,96,EmotionalStress
15,32,20,70,96,EmotionalStress
15,32,21,70,96,EmotionalStress
15,32,22,70,96,EmotionalStress
15,32,23,71,96,EmotionalStress
15,32,24,71,96,EmotionalStress
15,32,25,71,96,EmotionalStress
15,32,26,71,96,EmotionalStress
15,32,27,71,96,EmotionalStress
15,32,28,71,96,EmotionalStress
15,32,29,71,96,EmotionalStress
15,32,30,70,96,EmotionalStress
15,32,31,70,96,EmotionalStress
15,32,32,70,96,EmotionalStress
15,32,33,69,96,EmotionalStress
15,32,34,69,96,EmotionalStress
15,32,35,69,96,EmotionalStress
15,32,36,69,96,EmotionalStress
15,32,37,69,96,EmotionalStress
15,32,38,69,96,EmotionalStress
15,32,39,69,96,EmotionalStress
15,32,40,68,96,EmotionalStress
15,32,41,68,96,EmotionalStress
15,32,42,67,96,EmotionalStress
15,32,43,67,96,EmotionalStress
15,32,44,67,96,EmotionalStress
15,32,45,67,96,EmotionalStress
15,32,46,67,96,EmotionalStress
15,32,47,67,96,EmotionalStress
15,32,48,67,96,EmotionalStress
15,32,49,68,96,EmotionalStress
15,32,50,68,96,EmotionalStress
15,32,51,68,96,EmotionalStress
15,32,52,69,96,EmotionalStress
15,32,53,68,96,EmotionalStress
15,32,54,69,96,EmotionalStress
15,32,55,68,96,EmotionalStress
15,32,56,68,96,EmotionalStress
15,32,57,68,96,EmotionalStress
15,32,58,68,96,EmotionalStress
15,32,59,68,96,EmotionalStress
15,33,0,69,96,EmotionalStress
15,33,1,69,96,EmotionalStress
15,33,2,69,96,EmotionalStress
15,33,3,69,96,EmotionalStress
15,33,4,69,96,EmotionalStress
15,33,5,70,96,EmotionalStress
15,33,6,70,96,EmotionalStress
15,33,7,70,96,EmotionalStress
15,33,8,70,96,EmotionalStress
15,33,9,70,96,EmotionalStress
15,33,10,70,96,EmotionalStress
15,33,11,70,96,EmotionalStress
15,33,12,70,96,EmotionalStress
15,33,13,70,96,EmotionalStress
15,33,14,70,96,EmotionalStress
15,33,15,70,96,EmotionalStress
15,33,16,70,96,EmotionalStress
15,33,17,70,96,EmotionalStress
15,33,18,70,96,EmotionalStress
15,33,19,70,96,EmotionalStress
15,33,20,70,96,EmotionalStress
15,33,21,70,96,EmotionalStress
15,33,22,69,96,EmotionalStress
15,33,23,69,96,EmotionalStress
15,33,24,69,96,EmotionalStress
15,33,25,69,96,EmotionalStress
15,33,26,70,96,EmotionalStress
15,33,27,70,96,EmotionalStress
15,33,28,70,96,EmotionalStress
15,33,29,70,96,EmotionalStress
15,33,30,69,96,EmotionalStress
15,33,31,69,96,EmotionalStress
15,33,32,69,96,EmotionalStress
15,33,33,69,96,EmotionalStress
15,33,34,69,96,EmotionalStress
15,33,35,68,96,EmotionalStress
15,33,36,68,96,EmotionalStress
15,33,37,68,96,EmotionalStress
15,33,38,68,96,EmotionalStress
15,33,39,68,96,EmotionalStress
15,33,40,68,96,EmotionalStress
15,33,41,68,96,EmotionalStress
15,33,42,68,96,EmotionalStress
15,33,43,68,96,EmotionalStress
15,33,44,68,96,EmotionalStress
15,33,45,67,96,EmotionalStress
15,33,46,67,96,EmotionalStress
15,33,47,66,96,EmotionalStress
15,33,48,66,96,EmotionalStress
15,33,49,66,96,EmotionalStress
15,33,50,66,96,EmotionalStress
15,33,51,67,96,EmotionalStress
15,33,52,67,96,EmotionalStress
15,33,53,68,96,EmotionalStress
15,33,54,67,96,EmotionalStress
15,33,55,67,96,EmotionalStress
15,33,56,66,96,EmotionalStress
15,33,57,66,96,EmotionalStress
15,33,58,65,96,EmotionalStress
15,33,59,65,96,EmotionalStress
15,34,0,65,96,EmotionalStress
15,34,1,65,96,EmotionalStress
15,34,2,65,96,EmotionalStress
15,34,3,65,96,EmotionalStress
15,34,4,65,96,EmotionalStress
15,34,5,66,96,EmotionalStress
15,34,6,66,96,EmotionalStress
15,34,7,66,96,EmotionalStress
15,34,8,67,96,EmotionalStress
15,34,9,67,96,EmotionalStress
15,34,10,68,96,EmotionalStress
15,34,11,68,96,EmotionalStress
15,34,12,68,96,EmotionalStress
15,34,13,68,96,EmotionalStress
15,34,14,68,96,EmotionalStress
15,34,15,69,96,EmotionalStress
15,34,16,69,95,EmotionalStress
15,34,17,70,95,EmotionalStress
15,34,18,70,95,EmotionalStress
15,34,19,72,95,EmotionalStress
15,34,20,72,95,EmotionalStress
15,34,21,75,95,EmotionalStress
15,34,22,75,95,EmotionalStress
15,34,23,75,96,EmotionalStress
15,34,24,75,96,EmotionalStress
15,34,25,73,96,EmotionalStress
15,34,26,73,96,EmotionalStress
15,34,27,73,96,EmotionalStress
15,34,28,73,96,EmotionalStress
15,34,29,74,96,EmotionalStress
15,34,30,73,96,EmotionalStress
15,35,25,73,96,Relax
15,35,26,73,96,Relax
15,35,27,73,96,Relax
15,35,28,73,96,Relax
15,35,29,74,96,Relax
15,35,30,77,96,Relax
15,35,31,77,96,Relax
15,35,32,81,96,Relax
15,35,33,82,96,Relax
15,35,34,82,96,Relax
15,35,35,83,96,Relax
15,35,36,83,96,Relax
15,35,37,84,96,Relax
15,35,38,84,96,Relax
15,35,39,85,96,Relax
15,35,40,86,96,Relax
15,35,41,84,97,Relax
15,35,42,83,97,Relax
15,35,43,81,97,Relax
15,35,44,79,97,Relax
15,35,45,79,98,Relax
15,35,46,83,98,Relax
15,35,47,83,98,Relax
15,35,48,84,98,Relax
15,35,49,84,98,Relax
15,35,50,83,97,Relax
15,35,51,82,97,Relax
15,35,52,79,97,Relax
15,35,53,78,97,Relax
15,35,54,79,98,Relax
15,35,55,78,98,Relax
15,35,56,79,98,Relax
15,35,57,78,98,Relax
15,35,58,78,97,Relax
15,35,59,78,97,Relax
15,36,0,78,97,Relax
15,36,1,78,97,Relax
15,36,2,78,96,Relax
15,36,3,77,96,Relax
15,36,4,77,96,Relax
15,36,5,77,96,Relax
15,36,6,77,96,Relax
15,36,7,77,96,Relax
15,36,8,77,97,Relax
15,36,9,77,97,Relax
15,36,10,77,97,Relax
15,36,11,77,97,Relax
15,36,12,77,97,Relax
15,36,13,77,97,Relax
15,36,14,77,97,Relax
15,36,15,77,97,Relax
15,36,16,77,97,Relax
15,36,17,77,97,Relax
15,36,18,77,97,Relax
15,36,19,77,97,Relax
15,36,20,77,97,Relax
15,36,21,77,97,Relax
15,36,22,77,97,Relax
15,36,23,80,97,Relax
15,36,24,87,97,Relax
15,36,25,87,97,Relax
15,36,26,95,97,Relax
15,36,27,96,97,Relax
15,36,28,93,97,Relax
15,36,29,90,97,Relax
15,36,30,86,97,Relax
15,36,31,82,97,Relax
15,36,32,80,96,Relax
15,36,33,77,96,Relax
15,36,34,76,96,Relax
15,36,35,75,96,Relax
15,36,36,75,96,Relax
15,36,37,75,96,Relax
15,36,38,74,96,Relax
15,36,39,73,96,Relax
15,36,40,73,96,Relax
15,36,41,73,96,Relax
15,36,42,73,96,Relax
15,36,43,73,96,Relax
15,36,44,73,96,Relax
15,36,45,73,96,Relax
15,36,46,73,96,Relax
15,36,47,71,96,Relax
15,36,48,71,96,Relax
15,36,49,70,96,Relax
15,36,50,69,96,Relax
15,36,51,69,96,Relax
15,36,52,70,96,Relax
15,36,53,69,96,Relax
15,36,54,68,96,Relax
15,36,55,67,96,Relax
15,36,56,67,96,Relax
15,36,57,66,96,Relax
15,36,58,65,96,Relax
15,36,59,64,96,Relax
15,37,0,64,96,Relax
15,37,1,63,96,Relax
15,37,2,63,96,Relax
15,37,3,63,96,Relax
15,37,4,63,96,Relax
15,37,5,63,96,Relax
15,37,6,63,96,Relax
15,37,7,64,95,Relax
15,37,8,63,95,Relax
15,37,9,63,95,Relax
15,37,10,63,95,Relax
15,37,11,62,96,Relax
15,37,12,62,96,Relax
15,37,13,62,96,Relax
15,37,14,62,96,Relax
15,37,15,62,96,Relax
15,37,16,63,95,Relax
15,37,17,63,95,Relax
15,37,18,63,95,Relax
15,37,19,63,95,Relax
15,37,20,63,95,Relax
15,37,21,62,95,Relax
15,37,22,62,95,Relax
15,37,23,62,95,Relax
15,37,24,61,95,Relax
15,37,25,61,95,Relax
15,37,26,62,95,Relax
15,37,27,62,95,Relax
15,37,28,62,95,Relax
15,37,29,62,95,Relax
15,37,30,62,95,Relax
15,37,31,63,95,Relax
15,37,32,63,95,Relax
15,37,33,63,95,Relax
15,37,34,63,95,Relax
15,37,35,62,95,Relax
15,37,36,62,95,Relax
15,37,37,61,95,Relax
15,37,38,61,95,Relax
15,37,39,61,95,Relax
15,37,40,61,96,Relax
15,37,41,61,96,Relax
15,37,42,60,96,Relax
15,37,43,60,96,Relax
15,37,44,60,96,Relax
15,37,45,60,96,Relax
15,37,46,60,96,Relax
15,37,47,60,96,Relax
15,37,48,61,96,Relax
15,37,49,61,96,Relax
15,37,50,61,96,Relax
15,37,51,61,96,Relax
15,37,52,61,96,Relax
15,37,53,61,96,Relax
15,37,54,62,96,Relax
15,37,55,62,96,Relax
15,37,56,62,96,Relax
15,37,57,61,96,Relax
15,37,58,61,95,Relax
15,37,59,61,95,Relax
15,38,0,61,95,Relax
15,38,1,61,95,Relax
15,38,2,61,95,Relax
15,38,3,61,95,Relax
15,38,4,61,95,Relax
15,38,5,62,95,Relax
15,38,6,62,95,Relax
15,38,7,62,95,Relax
15,38,8,62,95,Relax
15,38,9,62,95,Relax
15,38,10,62,95,Relax
15,38,11,62,95,Relax
15,38,12,62,95,Relax
15,38,13,62,95,Relax
15,38,14,63,95,Relax
15,38,15,63,95,Relax
15,38,16,64,95,Relax
15,38,17,65,95,Relax
15,38,18,65,96,Relax
15,38,19,66,96,Relax
15,38,20,67,96,Relax
15,38,21,67,96,Relax
15,38,22,68,96,Relax
15,38,23,68,96,Relax
15,38,24,67,96,Relax
15,38,25,67,96,Relax
15,38,26,68,95,Relax
15,38,27,68,95,Relax
15,38,28,67,95,Relax
15,38,29,67,95,Relax
15,38,30,67,95,Relax
15,38,31,68,95,Relax
15,38,32,67,95,Relax
15,38,33,67,95,Relax
15,38,34,67,95,Relax
15,38,35,67,95,Relax
15,38,36,66,95,Relax
15,38,37,66,95,Relax
15,38,38,65,95,Relax
15,38,39,65,95,Relax
15,38,40,65,95,Relax
15,38,41,66,95,Relax
15,38,42,66,95,Relax
15,38,43,66,95,Relax
15,38,44,66,95,Relax
15,38,45,65,95,Relax
15,38,46,65,95,Relax
15,38,47,63,95,Relax
15,38,48,63,95,Relax
15,38,49,63,95,Relax
15,38,50,63,95,Relax
15,38,51,63,95,Relax
15,38,52,63,95,Relax
15,38,53,62,95,Relax
15,38,54,62,95,Relax
15,38,55,62,95,Relax
15,38,56,62,95,Relax
15,38,57,61,95,Relax
15,38,58,61,95,Relax
15,38,59,61,95,Relax
15,39,0,61,95,Relax
15,39,1,62,95,Relax
15,39,2,62,95,Relax
15,39,3,62,95,Relax
15,39,4,62,95,Relax
15,39,5,63,95,Relax
15,39,6,63,95,Relax
15,39,7,64,95,Relax
15,39,8,64,95,Relax
15,39,9,64,95,Relax
15,39,10,63,95,Relax
15,39,11,63,95,Relax
15,39,12,63,95,Relax
15,39,13,63,95,Relax
15,39,14,63,95,Relax
15,39,15,63,95,Relax
15,39,16,62,95,Relax
15,39,17,62,95,Relax
15,39,18,62,95,Relax
15,39,19,62,95,Relax
15,39,20,62,95,Relax
15,39,21,62,95,Relax
15,39,22,62,95,Relax
15,39,23,63,95,Relax
15,39,24,63,95,Relax
15,39,25,64,95,Relax
15,39,26,64,95,Relax
15,39,27,64,95,Relax
15,39,28,64,95,Relax
15,39,29,64,95,Relax
15,39,30,64,95,Relax
15,39,31,64,95,Relax
15,39,32,63,95,Relax
15,39,33,63,95,Relax
15,39,34,63,95,Relax
15,39,35,63,95,Relax
15,39,36,63,95,Relax
15,39,37,63,95,Relax
15,39,38,63,95,Relax
15,39,39,63,95,Relax
15,39,40,63,95,Relax
15,39,41,64,95,Relax
15,39,42,64,95,Relax
15,39,43,64,95,Relax
15,39,44,65,96,Relax
15,39,45,64,95,Relax
15,39,46,63,95,Relax
15,39,47,62,95,Relax
15,39,48,62,95,Relax
15,39,49,62,95,Relax
15,39,50,62,95,Relax
15,39,51,62,95,Relax
15,39,52,62,95,Relax
15,39,53,62,95,Relax
15,39,54,62,95,Relax
15,39,55,62,95,Relax
15,39,56,62,95,Relax
15,39,57,62,95,Relax
15,39,58,62,95,Relax
15,39,59,62,95,Relax
15,40,0,62,95,Relax
15,40,1,62,96,Relax
15,40,2,62,96,Relax
15,40,3,63,96,Relax
15,40,4,63,96,Relax
15,40,5,63,96,Relax
15,40,6,64,96,Relax
15,40,7,63,96,Relax
15,40,8,63,96,Relax
15,40,9,63,97,Relax
15,40,10,64,96,Relax
15,40,11,64,96,Relax
15,40,12,65,96,Relax
15,40,13,65,95,Relax
15,40,14,65,95,Relax
15,40,15,64,95,Relax
15,40,16,63,95,Relax
15,40,17,62,95,Relax
15,40,18,62,95,Relax
15,40,19,62,95,Relax
15,40,20,63,95,Relax
15,40,21,63,95,Relax
15,40,22,64,95,Relax
15,40,23,66,96,Relax
15,40,24,66,96,Relax
